Fall - Year 1,,,,Fall - Year 2,,,,Fall - Year 3,,,,Fall - Year 4
FCI1000,,,,ACC2002,,,,AQM2000,,,,QTM2622
FME1000,,,,ECN2000,,,,FIN3520,,,,QTM3635
LAW1000,,,,OIM2000,,,,MKT2000,,,,OIM3509
NST1070,,,,SES2000,,,,OIM3640,,,,FIN4520
,,,,,,,,,,,,
,,,,,,,,,,,,
,,,,,,,,,,,,
,,,,,,,,,,,,
Spring - Year 1,,,,Spring - Year 2,,,,Spring - Year 3,,,,Spring - Year 4
ACC1000,,,,CSP2033,,,,MKT4530,,,,MOB3580
AQM1000,,,,FIN2000,,,,OIM3610,,,,OIM3690
FME1001,,,,LTA2003,,,,OIM7555,,,,OIM3578
WRT2000,,,,OIM2001,,,,STR3000,,,,FIN4521
